<?xml version="1.0"?>
<ruleset name="WordPress Coding Standards">
	<description>ThemeGrill Demo Importer dev PHP_CodeSniffer ruleset.</description>

	<!-- Exclude paths -->
	<exclude-pattern>includes/importers/wordpress-importer/</exclude-pattern>
	<exclude-pattern>*/node_modules/*</exclude-pattern>
	<exclude-pattern>*/vendor/*</exclude-pattern>

	<!-- Configs -->
	<config name="minimum_supported_wp_version" value="4.7" />
	<config name="testVersion" value="5.2-" />

	<!-- Rules -->
	<rule ref="WPEverest-Core" />

	<rule ref="WordPress.WP.I18n">
		<properties>
			<property name="text_domain" type="array" value="themegrill-demo-importer" />
		</properties>
	</rule>
</ruleset>
